0,5CARDPOKER,*,*,Welcome to the <bot name="name"/>version of 5 card "Jacks or Better" draw poker.<br/>#NewlineYou start with $100 and each game costs $5.<br/><br/>#NewlineType START to play my poker game.,poker.aiml
0,START,TYPE START TO PLAY MY POKER GAME,*,<think>#Newline	<set name="kount">0</set>#Newline	<set name="bankth">0</set>#Newline	<set name="bankhu">1</set>#Newline	<set name="bankte">0</set>#Newline	<set name="bankon">0</set>#Newline</think>#Newline<srai>PKBANKSUB5</srai>#Newline<srai>PKDRAWNEWDECK</srai>#NewlineBank = $<get name="bankth"/><get name="bankhu"/><get name="bankte"/><get name="bankon"/><br/><br/>#NewlineA)<get name="card1"/>of<get name="suit1"/><br/>#NewlineB)<get name="card2"/>of<get name="suit2"/><br/>#NewlineC)<get name="card3"/>of<get name="suit3"/><br/>#NewlineD)<get name="card4"/>of<get name="suit4"/><br/>#NewlineE)<get name="card5"/>of<get name="suit5"/><br/><br/>#NewlineWhich cards do you want to hold?<br/>#NewlineType "N" to hold no cards or "Q" to quit.<br/><br/>#NewlinePay Table:<br/>#NewlineRoyal Flush ----- $4000<br/>#NewlineStraight Flush -- $250<br/>#NewlineFour of a Kind -- $125<br/>#NewlineFull House ------ $45<br/>#NewlineFlush ----------- $30<br/>#NewlineStraight -------- $20<br/>#NewlineThree of a Kind - $15<br/>#NewlineTwo Pair -------- $10<br/>#NewlineJacks or Better - $5#Newline<think>#Newline	<set name="topic">5CARDPOKER</set>#Newline</think>,poker.aiml
0,PKMAINLOOP,*,*,<think>#Newline	<set name="kount">0</set>#Newline</think>#Newline<srai>PKBANKSUB5</srai>#Newline<srai>PKDRAWNEWDECK</srai>#NewlineBank = $<get name="bankth"/><get name="bankhu"/><get name="bankte"/><get name="bankon"/><br/><br/>#NewlineA)<get name="card1"/>of<get name="suit1"/><br/>#NewlineB)<get name="card2"/>of<get name="suit2"/><br/>#NewlineC)<get name="card3"/>of<get name="suit3"/><br/>#NewlineD)<get name="card4"/>of<get name="suit4"/><br/>#NewlineE)<get name="card5"/>of<get name="suit5"/><br/><br/>#NewlineWhich cards do you want to hold?<br/>#NewlineType "N" to hold no cards or "Q" to quit.<br/><br/>#NewlinePay Table:<br/>#NewlineRoyal Flush ----- $4000<br/>#NewlineStraight Flush -- $250<br/>#NewlineFour of a Kind -- $125<br/>#NewlineFull House ------ $45<br/>#NewlineFlush ----------- $30<br/>#NewlineStraight -------- $20<br/>#NewlineThree of a Kind - $15<br/>#NewlineTwo Pair -------- $10<br/>#NewlineJacks or Better - $5#Newline<think>#Newline	<set name="topic">5CARDPOKER</set>#Newline</think>,poker.aiml
0,PKDRAWNEWDECK,*,*,<think>#Newline	<set name="card1"><srai>PKDRAWCARD</srai></set>#Newline	<set name="card2"><srai>PKDRAWCARD</srai></set>#Newline	<set name="card3"><srai>PKDRAWCARD</srai></set>#Newline	<set name="card4"><srai>PKDRAWCARD</srai></set>#Newline	<set name="card5"><srai>PKDRAWCARD</srai></set>#Newline	<set name="card6"><srai>PKDRAWCARD</srai></set>#Newline	<set name="card7"><srai>PKDRAWCARD</srai></set>#Newline	<set name="card8"><srai>PKDRAWCARD</srai></set>#Newline	<set name="card9"><srai>PKDRAWCARD</srai></set>#Newline	<set name="card10"><srai>PKDRAWCARD</srai></set>#Newline	<set name="suit1"><srai>PKDRAWSUIT</srai></set>#Newline	<set name="suit2"><srai>PKDRAWSUIT</srai></set>#Newline	<set name="suit3"><srai>PKDRAWSUIT</srai></set>#Newline	<set name="suit4"><srai>PKDRAWSUIT</srai></set>#Newline	<set name="suit5"><srai>PKDRAWSUIT</srai></set>#Newline	<set name="suit6"><srai>PKDRAWSUIT</srai></set>#Newline	<set name="suit7"><srai>PKDRAWSUIT</srai></set>#Newline	<set name="suit8"><srai>PKDRAWSUIT</srai></set>#Newline	<set name="suit9"><srai>PKDRAWSUIT</srai></set>#Newline	<set name="suit10"><srai>PKDRAWSUIT</srai></set>#Newline	<srai>PKADDKOUNT</srai>#Newline	<condition name="kount">#Newline		<li value="2"><srai>PKCHOOSEOWNCARDS</srai></li>#Newline	</condition>#Newline	<srai>PKCHECKDIFFCARDS</srai>#Newline</think>,poker.aiml
0,PKDRAWCARD,*,*,<random>#Newline		<li>Two</li>#Newline		<li>Three</li>#Newline		<li>Four</li>#Newline		<li>Five</li>#Newline		<li>Six</li>#Newline		<li>Seven</li>#Newline		<li>Eight</li>#Newline		<li>Nine</li>#Newline		<li>Ten</li>#Newline		<li>Jack</li>#Newline		<li>Queen</li>#Newline		<li>King</li>#Newline		<li>Ace</li>#Newline	</random>,poker.aiml
0,PKDRAWSUIT,*,*,<random>#Newline		<li>Hearts</li>#Newline		<li>Clubs</li>#Newline		<li>Diamonds</li>#Newline		<li>Spades</li>#Newline	</random>,poker.aiml
0,PKCHECKDIFFCARDS,*,*,<think>#Newline<set name="diffcards">Y</set>#Newline	<set name="checkcards"><get name="card1"/><get name="card2"/></set>#Newline	<set name="checksuits"><get name="suit1"/><get name="suit2"/></set>#Newline	<srai>PKCHECKDIFFCARDS2</srai>#Newline	<set name="checkcards"><get name="card1"/><get name="card3"/></set>#Newline	<set name="checksuits"><get name="suit1"/><get name="suit3"/></set>#Newline	<srai>PKCHECKDIFFCARDS2</srai>#Newline	<set name="checkcards"><get name="card1"/><get name="card4"/></set>#Newline	<set name="checksuits"><get name="suit1"/><get name="suit4"/></set>#Newline	<srai>PKCHECKDIFFCARDS2</srai>#Newline	<set name="checkcards"><get name="card1"/><get name="card5"/></set>#Newline	<set name="checksuits"><get name="suit1"/><get name="suit5"/></set>#Newline	<srai>PKCHECKDIFFCARDS2</srai>#Newline	<set name="checkcards"><get name="card1"/><get name="card6"/></set>#Newline	<set name="checksuits"><get name="suit1"/><get name="suit6"/></set>#Newline	<srai>PKCHECKDIFFCARDS2</srai>#Newline	<set name="checkcards"><get name="card1"/><get name="card7"/></set>#Newline	<set name="checksuits"><get name="suit1"/><get name="suit7"/></set>#Newline	<srai>PKCHECKDIFFCARDS2</srai>#Newline	<set name="checkcards"><get name="card1"/><get name="card8"/></set>#Newline	<set name="checksuits"><get name="suit1"/><get name="suit8"/></set>#Newline	<srai>PKCHECKDIFFCARDS2</srai>#Newline	<set name="checkcards"><get name="card1"/><get name="card9"/></set>#Newline	<set name="checksuits"><get name="suit1"/><get name="suit9"/></set>#Newline	<srai>PKCHECKDIFFCARDS2</srai>#Newline	<set name="checkcards"><get name="card1"/><get name="card10"/></set>#Newline	<set name="checksuits"><get name="suit1"/><get name="suit10"/></set>#Newline	<srai>PKCHECKDIFFCARDS2</srai>#Newline	<set name="checkcards"><get name="card2"/><get name="card3"/></set>#Newline	<set name="checksuits"><get name="suit2"/><get name="suit3"/></set>#Newline	<srai>PKCHECKDIFFCARDS2</srai>#Newline	<set name="checkcards"><get name="card2"/><get name="card4"/></set>#Newline	<set name="checksuits"><get name="suit2"/><get name="suit4"/></set>#Newline	<srai>PKCHECKDIFFCARDS2</srai>#Newline	<set name="checkcards"><get name="card2"/><get name="card5"/></set>#Newline	<set name="checksuits"><get name="suit2"/><get name="suit5"/></set>#Newline	<srai>PKCHECKDIFFCARDS2</srai>#Newline	<set name="checkcards"><get name="card2"/><get name="card6"/></set>#Newline	<set name="checksuits"><get name="suit2"/><get name="suit6"/></set>#Newline	<srai>PKCHECKDIFFCARDS2</srai>#Newline	<set name="checkcards"><get name="card2"/><get name="card7"/></set>#Newline	<set name="checksuits"><get name="suit2"/><get name="suit7"/></set>#Newline	<srai>PKCHECKDIFFCARDS2</srai>#Newline	<set name="checkcards"><get name="card2"/><get name="card8"/></set>#Newline	<set name="checksuits"><get name="suit2"/><get name="suit8"/></set>#Newline	<srai>PKCHECKDIFFCARDS2</srai>#Newline	<set name="checkcards"><get name="card2"/><get name="card9"/></set>#Newline	<set name="checksuits"><get name="suit2"/><get name="suit9"/></set>#Newline	<srai>PKCHECKDIFFCARDS2</srai>#Newline	<set name="checkcards"><get name="card2"/><get name="card10"/></set>#Newline	<set name="checksuits"><get name="suit2"/><get name="suit10"/></set>#Newline	<srai>PKCHECKDIFFCARDS2</srai>#Newline	<set name="checkcards"><get name="card3"/><get name="card4"/></set>#Newline	<set name="checksuits"><get name="suit3"/><get name="suit4"/></set>#Newline	<srai>PKCHECKDIFFCARDS2</srai>#Newline	<set name="checkcards"><get name="card3"/><get name="card5"/></set>#Newline	<set name="checksuits"><get name="suit3"/><get name="suit5"/></set>#Newline	<srai>PKCHECKDIFFCARDS2</srai>#Newline	<set name="checkcards"><get name="card3"/><get name="card6"/></set>#Newline	<set name="checksuits"><get name="suit3"/><get name="suit6"/></set>#Newline	<srai>PKCHECKDIFFCARDS2</srai>#Newline	<set name="checkcards"><get name="card3"/><get name="card7"/></set>#Newline	<set name="checksuits"><get name="suit3"/><get name="suit7"/></set>#Newline	<srai>PKCHECKDIFFCARDS2</srai>#Newline	<set name="checkcards"><get name="card3"/><get name="card8"/></set>#Newline	<set name="checksuits"><get name="suit3"/><get name="suit8"/></set>#Newline	<srai>PKCHECKDIFFCARDS2</srai>#Newline	<set name="checkcards"><get name="card3"/><get name="card9"/></set>#Newline	<set name="checksuits"><get name="suit3"/><get name="suit9"/></set>#Newline	<srai>PKCHECKDIFFCARDS2</srai>#Newline	<set name="checkcards"><get name="card3"/><get name="card10"/></set>#Newline	<set name="checksuits"><get name="suit3"/><get name="suit10"/></set>#Newline	<srai>PKCHECKDIFFCARDS2</srai>#Newline	<set name="checkcards"><get name="card4"/><get name="card5"/></set>#Newline	<set name="checksuits"><get name="suit4"/><get name="suit5"/></set>#Newline	<srai>PKCHECKDIFFCARDS2</srai>#Newline	<set name="checkcards"><get name="card4"/><get name="card6"/></set>#Newline	<set name="checksuits"><get name="suit4"/><get name="suit6"/></set>#Newline	<srai>PKCHECKDIFFCARDS2</srai>#Newline	<set name="checkcards"><get name="card4"/><get name="card7"/></set>#Newline	<set name="checksuits"><get name="suit4"/><get name="suit7"/></set>#Newline	<srai>PKCHECKDIFFCARDS2</srai>#Newline	<set name="checkcards"><get name="card4"/><get name="card8"/></set>#Newline	<set name="checksuits"><get name="suit4"/><get name="suit8"/></set>#Newline	<srai>PKCHECKDIFFCARDS2</srai>#Newline	<set name="checkcards"><get name="card4"/><get name="card9"/></set>#Newline	<set name="checksuits"><get name="suit4"/><get name="suit9"/></set>#Newline	<srai>PKCHECKDIFFCARDS2</srai>#Newline	<set name="checkcards"><get name="card4"/><get name="card10"/></set>#Newline	<set name="checksuits"><get name="suit4"/><get name="suit10"/></set>#Newline	<srai>PKCHECKDIFFCARDS2</srai>#Newline	<set name="checkcards"><get name="card5"/><get name="card6"/></set>#Newline	<set name="checksuits"><get name="suit5"/><get name="suit6"/></set>#Newline	<srai>PKCHECKDIFFCARDS2</srai>#Newline	<set name="checkcards"><get name="card5"/><get name="card7"/></set>#Newline	<set name="checksuits"><get name="suit5"/><get name="suit7"/></set>#Newline	<srai>PKCHECKDIFFCARDS2</srai>#Newline	<set name="checkcards"><get name="card5"/><get name="card8"/></set>#Newline	<set name="checksuits"><get name="suit5"/><get name="suit8"/></set>#Newline	<srai>PKCHECKDIFFCARDS2</srai>#Newline	<set name="checkcards"><get name="card5"/><get name="card9"/></set>#Newline	<set name="checksuits"><get name="suit5"/><get name="suit9"/></set>#Newline	<srai>PKCHECKDIFFCARDS2</srai>#Newline	<set name="checkcards"><get name="card5"/><get name="card10"/></set>#Newline	<set name="checksuits"><get name="suit5"/><get name="suit10"/></set>#Newline	<srai>PKCHECKDIFFCARDS2</srai>#Newline	<set name="checkcards"><get name="card6"/><get name="card7"/></set>#Newline	<set name="checksuits"><get name="suit6"/><get name="suit7"/></set>#Newline	<srai>PKCHECKDIFFCARDS2</srai>#Newline	<set name="checkcards"><get name="card6"/><get name="card8"/></set>#Newline	<set name="checksuits"><get name="suit6"/><get name="suit8"/></set>#Newline	<srai>PKCHECKDIFFCARDS2</srai>#Newline	<set name="checkcards"><get name="card6"/><get name="card9"/></set>#Newline	<set name="checksuits"><get name="suit6"/><get name="suit9"/></set>#Newline	<srai>PKCHECKDIFFCARDS2</srai>#Newline	<set name="checkcards"><get name="card6"/><get name="card10"/></set>#Newline	<set name="checksuits"><get name="suit6"/><get name="suit10"/></set>#Newline	<srai>PKCHECKDIFFCARDS2</srai>#Newline	<set name="checkcards"><get name="card7"/><get name="card8"/></set>#Newline	<set name="checksuits"><get name="suit7"/><get name="suit8"/></set>#Newline	<srai>PKCHECKDIFFCARDS2</srai>#Newline	<set name="checkcards"><get name="card7"/><get name="card9"/></set>#Newline	<set name="checksuits"><get name="suit7"/><get name="suit9"/></set>#Newline	<srai>PKCHECKDIFFCARDS2</srai>#Newline	<set name="checkcards"><get name="card7"/><get name="card10"/></set>#Newline	<set name="checksuits"><get name="suit7"/><get name="suit10"/></set>#Newline	<srai>PKCHECKDIFFCARDS2</srai>#Newline	<set name="checkcards"><get name="card8"/><get name="card9"/></set>#Newline	<set name="checksuits"><get name="suit8"/><get name="suit9"/></set>#Newline	<srai>PKCHECKDIFFCARDS2</srai>#Newline	<set name="checkcards"><get name="card8"/><get name="card10"/></set>#Newline	<set name="checksuits"><get name="suit8"/><get name="suit10"/></set>#Newline	<srai>PKCHECKDIFFCARDS2</srai>#Newline	<set name="checkcards"><get name="card9"/><get name="card10"/></set>#Newline	<set name="checksuits"><get name="suit9"/><get name="suit10"/></set>#Newline	<srai>PKCHECKDIFFCARDS2</srai>#Newline</think>#Newline<condition name="diffcards">#Newline	<li value="N"><srai>PKDRAWNEWDECK</srai></li>#Newline</condition>,poker.aiml
0,PKCHECKDIFFCARDS2,*,*,<think>#Newline	<condition name="checkcards">#Newline		<li value="Two Two"><srai>PKCHECKDIFFSUITS</srai></li>#Newline		<li value="Three Three"><srai>PKCHECKDIFFSUITS</srai></li>#Newline		<li value="Four Four"><srai>PKCHECKDIFFSUITS</srai></li>#Newline		<li value="Five Five"><srai>PKCHECKDIFFSUITS</srai></li>#Newline		<li value="Six Six"><srai>PKCHECKDIFFSUITS</srai></li>#Newline		<li value="Seven Seven"><srai>PKCHECKDIFFSUITS</srai></li>#Newline		<li value="Eight Eight"><srai>PKCHECKDIFFSUITS</srai></li>#Newline		<li value="Nine Nine"><srai>PKCHECKDIFFSUITS</srai></li>#Newline		<li value="Ten Ten"><srai>PKCHECKDIFFSUITS</srai></li>#Newline		<li value="Jack Jack"><srai>PKCHECKDIFFSUITS</srai></li>#Newline		<li value="Queen Queen"><srai>PKCHECKDIFFSUITS</srai></li>#Newline		<li value="King King"><srai>PKCHECKDIFFSUITS</srai></li>#Newline		<li value="Ace Ace"><srai>PKCHECKDIFFSUITS</srai></li>#Newline	</condition>#Newline</think>,poker.aiml
0,PKCHECKDIFFSUITS,*,*,<think>#Newline	<condition name="checksuits">#Newline		<li value="Hearts Hearts"><set name="diffcards">N</set></li>#Newline		<li value="Clubs Clubs"><set name="diffcards">N</set></li>#Newline		<li value="Diamonds Diamonds"><set name="diffcards">N</set></li>#Newline		<li value="Spades Spades"><set name="diffcards">N</set></li>#Newline	</condition>#Newline</think>,poker.aiml
0,PKCHOOSEOWNCARDS,*,*,<think>#Newline	<random>#Newline		<li><set name="card1">Eight</set><set name="suit1">Hearts</set></li>#Newline		<li><set name="card1">King</set><set name="suit1">Clubs</set></li>#Newline		<li><set name="card1">Three</set><set name="suit1">Diamonds</set></li>#Newline		<li><set name="card1">Ten</set><set name="suit1">Spades</set></li>#Newline		<li><set name="card1">Two</set><set name="suit1">Hearts</set></li>#Newline	</random>#Newline	<random>#Newline		<li><set name="card2">Seven</set><set name="suit2">Clubs</set></li>#Newline		<li><set name="card2">Nine</set><set name="suit2">Diamonds</set></li>#Newline		<li><set name="card2">Five</set><set name="suit2">Spades</set></li>#Newline		<li><set name="card2">Queen</set><set name="suit2">Hearts</set></li>#Newline		<li><set name="card2">Four</set><set name="suit2">Clubs</set></li>#Newline	</random>#Newline	<random>#Newline		<li><set name="card3">Ace</set><set name="suit3">Diamonds</set></li>#Newline		<li><set name="card3">Six</set><set name="suit3">Spades</set></li>#Newline		<li><set name="card3">Jack</set><set name="suit3">Hearts</set></li>#Newline		<li><set name="card3">Eight</set><set name="suit3">Clubs</set></li>#Newline		<li><set name="card3">King</set><set name="suit3">Diamonds</set></li>#Newline	</random>#Newline	<random>#Newline		<li><set name="card4">Three</set><set name="suit4">Spades</set></li>#Newline		<li><set name="card4">Ten</set><set name="suit4">Hearts</set></li>#Newline		<li><set name="card4">Two</set><set name="suit4">Clubs</set></li>#Newline		<li><set name="card4">Seven</set><set name="suit4">Diamonds</set></li>#Newline		<li><set name="card4">Nine</set><set name="suit4">Spades</set></li>#Newline	</random>#Newline	<random>#Newline		<li><set name="card5">Five</set><set name="suit5">Hearts</set></li>#Newline		<li><set name="card5">Queen</set><set name="suit5">Clubs</set></li>#Newline		<li><set name="card5">Four</set><set name="suit5">Diamonds</set></li>#Newline		<li><set name="card5">Ace</set><set name="suit5">Spades</set></li>#Newline		<li><set name="card5">Six</set><set name="suit5">Hearts</set></li>#Newline	</random>#Newline	<random>#Newline		<li><set name="card6">Jack</set><set name="suit6">Clubs</set></li>#Newline		<li><set name="card6">Eight</set><set name="suit6">Diamonds</set></li>#Newline		<li><set name="card6">King</set><set name="suit6">Spades</set></li>#Newline		<li><set name="card6">Three</set><set name="suit6">Hearts</set></li>#Newline		<li><set name="card6">Ten</set><set name="suit6">Clubs</set></li>#Newline	</random>#Newline	<random>#Newline		<li><set name="card7">Two</set><set name="suit7">Diamonds</set></li>#Newline		<li><set name="card7">Seven</set><set name="suit7">Spades</set></li>#Newline		<li><set name="card7">Nine</set><set name="suit7">Hearts</set></li>#Newline		<li><set name="card7">Five</set><set name="suit7">Clubs</set></li>#Newline		<li><set name="card7">Queen</set><set name="suit7">Diamonds</set></li>#Newline	</random>#Newline	<random>#Newline		<li><set name="card8">Four</set><set name="suit8">Spades</set></li>#Newline		<li><set name="card8">Ace</set><set name="suit8">Hearts</set></li>#Newline		<li><set name="card8">Six</set><set name="suit8">Clubs</set></li>#Newline		<li><set name="card8">Jack</set><set name="suit8">Diamonds</set></li>#Newline		<li><set name="card8">Three</set><set name="suit8">Clubs</set></li>#Newline	</random>#Newline	<random>#Newline		<li><set name="card9">Ten</set><set name="suit9">Diamonds</set></li>#Newline		<li><set name="card9">Two</set><set name="suit9">Spades</set></li>#Newline		<li><set name="card9">Seven</set><set name="suit9">Hearts</set></li>#Newline		<li><set name="card9">Nine</set><set name="suit9">Clubs</set></li>#Newline		<li><set name="card9">Five</set><set name="suit9">Diamonds</set></li>#Newline	</random>#Newline	<random>#Newline		<li><set name="card10">Queen</set><set name="suit10">Spades</set></li>#Newline		<li><set name="card10">Four</set><set name="suit10">Hearts</set></li>#Newline		<li><set name="card10">Ace</set><set name="suit10">Clubs</set></li>#Newline		<li><set name="card10">Six</set><set name="suit10">Diamonds</set></li>#Newline		<li><set name="card10">Jack</set><set name="suit10">Spades</set></li>#Newline	</random>#Newline</think>,poker.aiml
0,_,*,5CARDPOKER,<think>#Newline	<set name="inp"><star/></set>#Newline</think>#Newline<condition name="inp">#Newline	<li value="Q"><set name="topic"/><srai>PKQUITGAME</srai></li>#Newline	<li value="N"><set name="topic"/><srai>PKVALIDCHOICE</srai></li>#Newline	<li value="E"><set name="topic"/><srai>PKVALIDCHOICE</srai></li>#Newline	<li value="D"><set name="topic"/><srai>PKVALIDCHOICE</srai></li>#Newline	<li value="DE"><set name="topic"/><srai>PKVALIDCHOICE</srai></li>#Newline	<li value="C"><set name="topic"/><srai>PKVALIDCHOICE</srai></li>#Newline	<li value="CE"><set name="topic"/><srai>PKVALIDCHOICE</srai></li>#Newline	<li value="CD"><set name="topic"/><srai>PKVALIDCHOICE</srai></li>#Newline	<li value="CDE"><set name="topic"/><srai>PKVALIDCHOICE</srai></li>#Newline	<li value="B"><set name="topic"/><srai>PKVALIDCHOICE</srai></li>#Newline	<li value="BE"><set name="topic"/><srai>PKVALIDCHOICE</srai></li>#Newline	<li value="BD"><set name="topic"/><srai>PKVALIDCHOICE</srai></li>#Newline	<li value="BDE"><set name="topic"/><srai>PKVALIDCHOICE</srai></li>#Newline	<li value="BC"><set name="topic"/><srai>PKVALIDCHOICE</srai></li>#Newline	<li value="BCE"><set name="topic"/><srai>PKVALIDCHOICE</srai></li>#Newline	<li value="BCD"><set name="topic"/><srai>PKVALIDCHOICE</srai></li>#Newline	<li value="BCDE"><set name="topic"/><srai>PKVALIDCHOICE</srai></li>#Newline	<li value="A"><set name="topic"/><srai>PKVALIDCHOICE</srai></li>#Newline	<li value="AE"><set name="topic"/><srai>PKVALIDCHOICE</srai></li>#Newline	<li value="AD"><set name="topic"/><srai>PKVALIDCHOICE</srai></li>#Newline	<li value="ADE"><set name="topic"/><srai>PKVALIDCHOICE</srai></li>#Newline	<li value="AC"><set name="topic"/><srai>PKVALIDCHOICE</srai></li>#Newline	<li value="ACE"><set name="topic"/><srai>PKVALIDCHOICE</srai></li>#Newline	<li value="ACD"><set name="topic"/><srai>PKVALIDCHOICE</srai></li>#Newline	<li value="ACDE"><set name="topic"/><srai>PKVALIDCHOICE</srai></li>#Newline	<li value="AB"><set name="topic"/><srai>PKVALIDCHOICE</srai></li>#Newline	<li value="ABE"><set name="topic"/><srai>PKVALIDCHOICE</srai></li>#Newline	<li value="ABD"><set name="topic"/><srai>PKVALIDCHOICE</srai></li>#Newline	<li value="ABDE"><set name="topic"/><srai>PKVALIDCHOICE</srai></li>#Newline	<li value="ABC"><set name="topic"/><srai>PKVALIDCHOICE</srai></li>#Newline	<li value="ABCE"><set name="topic"/><srai>PKVALIDCHOICE</srai></li>#Newline	<li value="ABCD"><set name="topic"/><srai>PKVALIDCHOICE</srai></li>#Newline	<li value="ABCDE"><set name="topic"/><srai>PKVALIDCHOICE</srai></li>#Newline	<li>#NewlineA)<get name="card1"/>of<get name="suit1"/><br/>#NewlineB)<get name="card2"/>of<get name="suit2"/><br/>#NewlineC)<get name="card3"/>of<get name="suit3"/><br/>#NewlineD)<get name="card4"/>of<get name="suit4"/><br/>#NewlineE)<get name="card5"/>of<get name="suit5"/><br/><br/>#NewlineSorry but "<star/>" is not a valid choice.<br/>Which of the cards A-E do you want to hold? eg. "ACD" will hold card A#Comma card C and card D. Type "N" to hold no cards or type "Q" to quit.<br/><br/>#NewlinePay Table:<br/>#NewlineRoyal Flush ----- $4000<br/>#NewlineStraight Flush -- $250<br/>#NewlineFour of a Kind -- $125<br/>#NewlineFull House ------ $45<br/>#NewlineFlush ----------- $30<br/>#NewlineStraight -------- $20<br/>#NewlineThree of a Kind - $15<br/>#NewlineTwo Pair -------- $10<br/>#NewlineJacks or Better - $5#Newline	</li>#Newline</condition>,poker.aiml
0,PKVALIDCHOICE,*,*,<think>#Newline<set name="holdcard1">*</set>#Newline<set name="holdcard2">*</set>#Newline<set name="holdcard3">*</set>#Newline<set name="holdcard4">*</set>#Newline<set name="holdcard5">*</set>#Newline	<condition name="inp">#Newline		<li value="N"><srai>PKSWAPA</srai><srai>PKSWAPB</srai><srai>PKSWAPC</srai><srai>PKSWAPD</srai><srai>PKSWAPE</srai></li>#Newline		<li value="E"><srai>PKSWAPA</srai><srai>PKSWAPB</srai><srai>PKSWAPC</srai><srai>PKSWAPD</srai></li>#Newline		<li value="D"><srai>PKSWAPA</srai><srai>PKSWAPB</srai><srai>PKSWAPC</srai><srai>PKSWAPE</srai></li>#Newline		<li value="DE"><srai>PKSWAPA</srai><srai>PKSWAPB</srai><srai>PKSWAPC</srai></li>#Newline		<li value="C"><srai>PKSWAPA</srai><srai>PKSWAPB</srai><srai>PKSWAPD</srai><srai>PKSWAPE</srai></li>#Newline		<li value="CE"><srai>PKSWAPA</srai><srai>PKSWAPB</srai><srai>PKSWAPD</srai></li>#Newline		<li value="CD"><srai>PKSWAPA</srai><srai>PKSWAPB</srai><srai>PKSWAPE</srai></li>#Newline		<li value="CDE"><srai>PKSWAPA</srai><srai>PKSWAPB</srai></li>#Newline		<li value="B"><srai>PKSWAPA</srai><srai>PKSWAPC</srai><srai>PKSWAPD</srai><srai>PKSWAPE</srai></li>#Newline		<li value="BE"><srai>PKSWAPA</srai><srai>PKSWAPC</srai><srai>PKSWAPD</srai></li>#Newline		<li value="BD"><srai>PKSWAPA</srai><srai>PKSWAPC</srai><srai>PKSWAPE</srai></li>#Newline		<li value="BDE"><srai>PKSWAPA</srai><srai>PKSWAPC</srai></li>#Newline		<li value="BC"><srai>PKSWAPA</srai><srai>PKSWAPD</srai><srai>PKSWAPE</srai></li>#Newline		<li value="BCE"><srai>PKSWAPA</srai><srai>PKSWAPD</srai></li>#Newline		<li value="BCD"><srai>PKSWAPA</srai><srai>PKSWAPE</srai></li>#Newline		<li value="BCDE"><srai>PKSWAPA</srai></li>#Newline		<li value="A"><srai>PKSWAPB</srai><srai>PKSWAPC</srai><srai>PKSWAPD</srai><srai>PKSWAPE</srai></li>#Newline		<li value="AE"><srai>PKSWAPB</srai><srai>PKSWAPC</srai><srai>PKSWAPD</srai></li>#Newline		<li value="AD"><srai>PKSWAPB</srai><srai>PKSWAPC</srai><srai>PKSWAPE</srai></li>#Newline		<li value="ADE"><srai>PKSWAPB</srai><srai>PKSWAPC</srai></li>#Newline		<li value="AC"><srai>PKSWAPB</srai><srai>PKSWAPD</srai><srai>PKSWAPE</srai></li>#Newline		<li value="ACE"><srai>PKSWAPB</srai><srai>PKSWAPD</srai></li>#Newline		<li value="ACD"><srai>PKSWAPB</srai><srai>PKSWAPE</srai></li>#Newline		<li value="ACDE"><srai>PKSWAPB</srai></li>#Newline		<li value="AB"><srai>PKSWAPC</srai><srai>PKSWAPD</srai><srai>PKSWAPE</srai></li>#Newline		<li value="ABE"><srai>PKSWAPC</srai><srai>PKSWAPD</srai></li>#Newline		<li value="ABD"><srai>PKSWAPC</srai><srai>PKSWAPE</srai></li>#Newline		<li value="ABDE"><srai>PKSWAPC</srai></li>#Newline		<li value="ABC"><srai>PKSWAPD</srai><srai>PKSWAPE</srai></li>#Newline		<li value="ABCE"><srai>PKSWAPD</srai></li>#Newline		<li value="ABCD"><srai>PKSWAPE</srai></li>#Newline		<li value="ABCDE"/>#Newline	</condition>#Newline</think>#NewlineA)<get name="card1"/>of<get name="suit1"/> <get name="holdcard1"/><br/>#NewlineB)<get name="card2"/>of<get name="suit2"/> <get name="holdcard2"/><br/>#NewlineC)<get name="card3"/>of<get name="suit3"/> <get name="holdcard3"/><br/>#NewlineD)<get name="card4"/>of<get name="suit4"/> <get name="holdcard4"/><br/>#NewlineE)<get name="card5"/>of<get name="suit5"/> <get name="holdcard5"/><br/><br/>#Newline<srai>PKSORTCARDS</srai>,poker.aiml
0,PKSWAPA,*,*,<think>#Newline	<set name="card1"><get name="card6"/></set>#Newline	<set name="suit1"><get name="suit6"/></set>#Newline	<set name="holdcard1"/>#Newline</think>,poker.aiml
0,PKSWAPB,*,*,<think>#Newline	<set name="card2"><get name="card7"/></set>#Newline	<set name="suit2"><get name="suit7"/></set>#Newline	<set name="holdcard2"/>#Newline</think>,poker.aiml
0,PKSWAPC,*,*,<think>#Newline	<set name="card3"><get name="card8"/></set>#Newline	<set name="suit3"><get name="suit8"/></set>#Newline	<set name="holdcard3"/>#Newline</think>,poker.aiml
0,PKSWAPD,*,*,<think>#Newline	<set name="card4"><get name="card9"/></set>#Newline	<set name="suit4"><get name="suit9"/></set>#Newline	<set name="holdcard4"/>#Newline</think>,poker.aiml
0,PKSWAPE,*,*,<think>#Newline	<set name="card5"><get name="card10"/></set>#Newline	<set name="suit5"><get name="suit10"/></set>#Newline	<set name="holdcard5"/>#Newline</think>,poker.aiml
0,PKSORTCARDS,*,*,<think>#Newline	<set name="sortedcards"/>#Newline	<set name="samesuit">N</set>#Newline	<condition name="card1"><li value="Two"><set name="sortedcards"><get name="sortedcards"/>2</set><set name="card1">2</set></li></condition>#Newline	<condition name="card2"><li value="Two"><set name="sortedcards"><get name="sortedcards"/>2</set><set name="card2">2</set></li></condition>#Newline	<condition name="card3"><li value="Two"><set name="sortedcards"><get name="sortedcards"/>2</set><set name="card3">2</set></li></condition>#Newline	<condition name="card4"><li value="Two"><set name="sortedcards"><get name="sortedcards"/>2</set><set name="card4">2</set></li></condition>#Newline	<condition name="card5"><li value="Two"><set name="sortedcards"><get name="sortedcards"/>2</set><set name="card5">2</set></li></condition>#Newline	<condition name="card1"><li value="Three"><set name="sortedcards"><get name="sortedcards"/>3</set><set name="card1">3</set></li></condition>#Newline	<condition name="card2"><li value="Three"><set name="sortedcards"><get name="sortedcards"/>3</set><set name="card2">3</set></li></condition>#Newline	<condition name="card3"><li value="Three"><set name="sortedcards"><get name="sortedcards"/>3</set><set name="card3">3</set></li></condition>#Newline	<condition name="card4"><li value="Three"><set name="sortedcards"><get name="sortedcards"/>3</set><set name="card4">3</set></li></condition>#Newline	<condition name="card5"><li value="Three"><set name="sortedcards"><get name="sortedcards"/>3</set><set name="card5">3</set></li></condition>#Newline	<condition name="card1"><li value="Four"><set name="sortedcards"><get name="sortedcards"/>4</set><set name="card1">4</set></li></condition>#Newline	<condition name="card2"><li value="Four"><set name="sortedcards"><get name="sortedcards"/>4</set><set name="card2">4</set></li></condition>#Newline	<condition name="card3"><li value="Four"><set name="sortedcards"><get name="sortedcards"/>4</set><set name="card3">4</set></li></condition>#Newline	<condition name="card4"><li value="Four"><set name="sortedcards"><get name="sortedcards"/>4</set><set name="card4">4</set></li></condition>#Newline	<condition name="card5"><li value="Four"><set name="sortedcards"><get name="sortedcards"/>4</set><set name="card5">4</set></li></condition>#Newline	<condition name="card1"><li value="Five"><set name="sortedcards"><get name="sortedcards"/>5</set><set name="card1">5</set></li></condition>#Newline	<condition name="card2"><li value="Five"><set name="sortedcards"><get name="sortedcards"/>5</set><set name="card2">5</set></li></condition>#Newline	<condition name="card3"><li value="Five"><set name="sortedcards"><get name="sortedcards"/>5</set><set name="card3">5</set></li></condition>#Newline	<condition name="card4"><li value="Five"><set name="sortedcards"><get name="sortedcards"/>5</set><set name="card4">5</set></li></condition>#Newline	<condition name="card5"><li value="Five"><set name="sortedcards"><get name="sortedcards"/>5</set><set name="card5">5</set></li></condition>#Newline	<condition name="card1"><li value="Six"><set name="sortedcards"><get name="sortedcards"/>6</set><set name="card1">6</set></li></condition>#Newline	<condition name="card2"><li value="Six"><set name="sortedcards"><get name="sortedcards"/>6</set><set name="card2">6</set></li></condition>#Newline	<condition name="card3"><li value="Six"><set name="sortedcards"><get name="sortedcards"/>6</set><set name="card3">6</set></li></condition>#Newline	<condition name="card4"><li value="Six"><set name="sortedcards"><get name="sortedcards"/>6</set><set name="card4">6</set></li></condition>#Newline	<condition name="card5"><li value="Six"><set name="sortedcards"><get name="sortedcards"/>6</set><set name="card5">6</set></li></condition>#Newline	<condition name="card1"><li value="Seven"><set name="sortedcards"><get name="sortedcards"/>7</set><set name="card1">7</set></li></condition>#Newline	<condition name="card2"><li value="Seven"><set name="sortedcards"><get name="sortedcards"/>7</set><set name="card2">7</set></li></condition>#Newline	<condition name="card3"><li value="Seven"><set name="sortedcards"><get name="sortedcards"/>7</set><set name="card3">7</set></li></condition>#Newline	<condition name="card4"><li value="Seven"><set name="sortedcards"><get name="sortedcards"/>7</set><set name="card4">7</set></li></condition>#Newline	<condition name="card5"><li value="Seven"><set name="sortedcards"><get name="sortedcards"/>7</set><set name="card5">7</set></li></condition>#Newline	<condition name="card1"><li value="Eight"><set name="sortedcards"><get name="sortedcards"/>8</set><set name="card1">8</set></li></condition>#Newline	<condition name="card2"><li value="Eight"><set name="sortedcards"><get name="sortedcards"/>8</set><set name="card2">8</set></li></condition>#Newline	<condition name="card3"><li value="Eight"><set name="sortedcards"><get name="sortedcards"/>8</set><set name="card3">8</set></li></condition>#Newline	<condition name="card4"><li value="Eight"><set name="sortedcards"><get name="sortedcards"/>8</set><set name="card4">8</set></li></condition>#Newline	<condition name="card5"><li value="Eight"><set name="sortedcards"><get name="sortedcards"/>8</set><set name="card5">8</set></li></condition>#Newline	<condition name="card1"><li value="Nine"><set name="sortedcards"><get name="sortedcards"/>9</set><set name="card1">9</set></li></condition>#Newline	<condition name="card2"><li value="Nine"><set name="sortedcards"><get name="sortedcards"/>9</set><set name="card2">9</set></li></condition>#Newline	<condition name="card3"><li value="Nine"><set name="sortedcards"><get name="sortedcards"/>9</set><set name="card3">9</set></li></condition>#Newline	<condition name="card4"><li value="Nine"><set name="sortedcards"><get name="sortedcards"/>9</set><set name="card4">9</set></li></condition>#Newline	<condition name="card5"><li value="Nine"><set name="sortedcards"><get name="sortedcards"/>9</set><set name="card5">9</set></li></condition>#Newline	<condition name="card1"><li value="Ten"><set name="sortedcards"><get name="sortedcards"/>10</set><set name="card1">10</set></li></condition>#Newline	<condition name="card2"><li value="Ten"><set name="sortedcards"><get name="sortedcards"/>10</set><set name="card2">10</set></li></condition>#Newline	<condition name="card3"><li value="Ten"><set name="sortedcards"><get name="sortedcards"/>10</set><set name="card3">10</set></li></condition>#Newline	<condition name="card4"><li value="Ten"><set name="sortedcards"><get name="sortedcards"/>10</set><set name="card4">10</set></li></condition>#Newline	<condition name="card5"><li value="Ten"><set name="sortedcards"><get name="sortedcards"/>10</set><set name="card5">10</set></li></condition>#Newline	<condition name="card1"><li value="Jack"><set name="sortedcards"><get name="sortedcards"/>J</set><set name="card1">J</set></li></condition>#Newline	<condition name="card2"><li value="Jack"><set name="sortedcards"><get name="sortedcards"/>J</set><set name="card2">J</set></li></condition>#Newline	<condition name="card3"><li value="Jack"><set name="sortedcards"><get name="sortedcards"/>J</set><set name="card3">J</set></li></condition>#Newline	<condition name="card4"><li value="Jack"><set name="sortedcards"><get name="sortedcards"/>J</set><set name="card4">J</set></li></condition>#Newline	<condition name="card5"><li value="Jack"><set name="sortedcards"><get name="sortedcards"/>J</set><set name="card5">J</set></li></condition>#Newline	<condition name="card1"><li value="Queen"><set name="sortedcards"><get name="sortedcards"/>Q</set><set name="card1">Q</set></li></condition>#Newline	<condition name="card2"><li value="Queen"><set name="sortedcards"><get name="sortedcards"/>Q</set><set name="card2">Q</set></li></condition>#Newline	<condition name="card3"><li value="Queen"><set name="sortedcards"><get name="sortedcards"/>Q</set><set name="card3">Q</set></li></condition>#Newline	<condition name="card4"><li value="Queen"><set name="sortedcards"><get name="sortedcards"/>Q</set><set name="card4">Q</set></li></condition>#Newline	<condition name="card5"><li value="Queen"><set name="sortedcards"><get name="sortedcards"/>Q</set><set name="card5">Q</set></li></condition>#Newline	<condition name="card1"><li value="King"><set name="sortedcards"><get name="sortedcards"/>K</set><set name="card1">K</set></li></condition>#Newline	<condition name="card2"><li value="King"><set name="sortedcards"><get name="sortedcards"/>K</set><set name="card2">K</set></li></condition>#Newline	<condition name="card3"><li value="King"><set name="sortedcards"><get name="sortedcards"/>K</set><set name="card3">K</set></li></condition>#Newline	<condition name="card4"><li value="King"><set name="sortedcards"><get name="sortedcards"/>K</set><set name="card4">K</set></li></condition>#Newline	<condition name="card5"><li value="King"><set name="sortedcards"><get name="sortedcards"/>K</set><set name="card5">K</set></li></condition>#Newline	<condition name="card1"><li value="Ace"><set name="sortedcards"><get name="sortedcards"/>A</set><set name="card1">A</set></li></condition>#Newline	<condition name="card2"><li value="Ace"><set name="sortedcards"><get name="sortedcards"/>A</set><set name="card2">A</set></li></condition>#Newline	<condition name="card3"><li value="Ace"><set name="sortedcards"><get name="sortedcards"/>A</set><set name="card3">A</set></li></condition>#Newline	<condition name="card4"><li value="Ace"><set name="sortedcards"><get name="sortedcards"/>A</set><set name="card4">A</set></li></condition>#Newline	<condition name="card5"><li value="Ace"><set name="sortedcards"><get name="sortedcards"/>A</set><set name="card5">A</set></li></condition>#Newline<set name="suits"><get name="suit1"/><get name="suit2"/><get name="suit3"/><get name="suit4"/><get name="suit5"/></set>#Newline</think>#Newline<srai>PKCHECKWINNER</srai>,poker.aiml
0,PKCHECKWINNER,*,*,<think>#Newline<set name="bestresult">NO</set>#Newline<set name="samesuit">N</set>#Newline	<condition name="suits">#Newline		<li value="Hearts Hearts Hearts Hearts Hearts"><set name="samesuit">Y</set></li>#Newline		<li value="Clubs Clubs Clubs Clubs Clubs"><set name="samesuit">Y</set></li>#Newline		<li value="Diamonds Diamonds Diamonds Diamonds Diamonds"><set name="samesuit">Y</set></li>#Newline		<li value="Spades Spades Spades Spades Spades"><set name="samesuit">Y</set></li>#Newline	</condition>#Newline	<set name="sortedcardssuit"><get name="sortedcards"/><get name="samesuit"/></set>#Newline	<set name="kount">0</set>#Newline	<set name="checkcards"><get name="card1"/><get name="card2"/></set><srai>PKCHECKTWOCARDS</srai>#Newline	<set name="checkcards"><get name="card1"/><get name="card3"/></set><srai>PKCHECKTWOCARDS</srai>#Newline	<set name="checkcards"><get name="card1"/><get name="card4"/></set><srai>PKCHECKTWOCARDS</srai>#Newline	<set name="checkcards"><get name="card1"/><get name="card5"/></set><srai>PKCHECKTWOCARDS</srai>#Newline	<set name="checkcards"><get name="card2"/><get name="card3"/></set><srai>PKCHECKTWOCARDS</srai>#Newline	<set name="checkcards"><get name="card2"/><get name="card4"/></set><srai>PKCHECKTWOCARDS</srai>#Newline	<set name="checkcards"><get name="card2"/><get name="card5"/></set><srai>PKCHECKTWOCARDS</srai>#Newline	<set name="checkcards"><get name="card3"/><get name="card4"/></set><srai>PKCHECKTWOCARDS</srai>#Newline	<set name="checkcards"><get name="card3"/><get name="card5"/></set><srai>PKCHECKTWOCARDS</srai>#Newline	<set name="checkcards"><get name="card4"/><get name="card5"/></set><srai>PKCHECKTWOCARDS</srai>#Newline	<condition name="kount">#Newline		<li value="2"><set name="bestresult">2P</set></li>#Newline	</condition>#Newline	<set name="checkcards"><get name="card1"/><get name="card2"/><get name="card3"/></set><srai>PKCHECKTHREECARDS</srai>#Newline	<set name="checkcards"><get name="card1"/><get name="card2"/><get name="card4"/></set><srai>PKCHECKTHREECARDS</srai>#Newline	<set name="checkcards"><get name="card1"/><get name="card2"/><get name="card5"/></set><srai>PKCHECKTHREECARDS</srai>#Newline	<set name="checkcards"><get name="card1"/><get name="card3"/><get name="card4"/></set><srai>PKCHECKTHREECARDS</srai>#Newline	<set name="checkcards"><get name="card1"/><get name="card3"/><get name="card5"/></set><srai>PKCHECKTHREECARDS</srai>#Newline	<set name="checkcards"><get name="card1"/><get name="card4"/><get name="card5"/></set><srai>PKCHECKTHREECARDS</srai>#Newline	<set name="checkcards"><get name="card2"/><get name="card3"/><get name="card4"/></set><srai>PKCHECKTHREECARDS</srai>#Newline	<set name="checkcards"><get name="card2"/><get name="card3"/><get name="card5"/></set><srai>PKCHECKTHREECARDS</srai>#Newline	<set name="checkcards"><get name="card2"/><get name="card4"/><get name="card5"/></set><srai>PKCHECKTHREECARDS</srai>#Newline	<set name="checkcards"><get name="card3"/><get name="card4"/><get name="card5"/></set><srai>PKCHECKTHREECARDS</srai>#Newline	<condition name="sortedcards">#Newline		<li value="2 3 4 5 A"><set name="bestresult">ST</set></li>#Newline		<li value="2 3 4 5 6"><set name="bestresult">ST</set></li>#Newline		<li value="3 4 5 6 7"><set name="bestresult">ST</set></li>#Newline		<li value="4 5 6 7 8"><set name="bestresult">ST</set></li>#Newline		<li value="5 6 7 8 9"><set name="bestresult">ST</set></li>#Newline		<li value="6 7 8 9 10"><set name="bestresult">ST</set></li>#Newline		<li value="7 8 9 10 J"><set name="bestresult">ST</set></li>#Newline		<li value="8 9 10 J Q"><set name="bestresult">ST</set></li>#Newline		<li value="9 10 J Q K"><set name="bestresult">ST</set></li>#Newline		<li value="10 J Q K A"><set name="bestresult">ST</set></li>#Newline	</condition>#Newline	<condition name="samesuit">#Newline		<li value="Y"><set name="bestresult">FL</set></li>#Newline	</condition>#Newline	<set name="full3"><set name="full2">N</set></set>#Newline	<set name="checkcards"><get name="card1"/><get name="card2"/><get name="card3"/></set><srai>PKCHECKTHREECARDS</srai>#Newline		<condition name="full3">#Newline			<li value="Y"><set name="checkcards"><get name="card4"/><get name="card5"/></set><srai>PKCHECKTWOCARDS</srai>#Newline				<condition name="full2">#Newline					<li value="Y"><set name="bestresult">FH</set></li>#Newline				</condition>#Newline			</li>#Newline		</condition>#Newline	<set name="full3"><set name="full2">N</set></set>#Newline	<set name="checkcards"><get name="card1"/><get name="card2"/><get name="card4"/></set><srai>PKCHECKTHREECARDS</srai>#Newline		<condition name="full3">#Newline			<li value="Y"><set name="checkcards"><get name="card3"/><get name="card5"/></set><srai>PKCHECKTWOCARDS</srai>#Newline				<condition name="full2">#Newline					<li value="Y"><set name="bestresult">FH</set></li>#Newline				</condition>#Newline			</li>#Newline		</condition>#Newline	<set name="full3"><set name="full2">N</set></set>#Newline	<set name="checkcards"><get name="card1"/><get name="card2"/><get name="card5"/></set><srai>PKCHECKTHREECARDS</srai>#Newline		<condition name="full3">#Newline			<li value="Y"><set name="checkcards"><get name="card3"/><get name="card4"/></set><srai>PKCHECKTWOCARDS</srai>#Newline				<condition name="full2">#Newline					<li value="Y"><set name="bestresult">FH</set></li>#Newline				</condition>#Newline			</li>#Newline		</condition>#Newline	<set name="full3"><set name="full2">N</set></set>#Newline	<set name="checkcards"><get name="card1"/><get name="card3"/><get name="card4"/></set><srai>PKCHECKTHREECARDS</srai>#Newline		<condition name="full3">#Newline			<li value="Y"><set name="checkcards"><get name="card2"/><get name="card5"/></set><srai>PKCHECKTWOCARDS</srai>#Newline				<condition name="full2">#Newline					<li value="Y"><set name="bestresult">FH</set></li>#Newline				</condition>#Newline			</li>#Newline		</condition>#Newline	<set name="full3"><set name="full2">N</set></set>#Newline	<set name="checkcards"><get name="card1"/><get name="card3"/><get name="card5"/></set><srai>PKCHECKTHREECARDS</srai>#Newline		<condition name="full3">#Newline			<li value="Y"><set name="checkcards"><get name="card2"/><get name="card4"/></set><srai>PKCHECKTWOCARDS</srai>#Newline				<condition name="full2">#Newline					<li value="Y"><set name="bestresult">FH</set></li>#Newline				</condition>#Newline			</li>#Newline		</condition>#Newline	<set name="full3"><set name="full2">N</set></set>#Newline	<set name="checkcards"><get name="card1"/><get name="card4"/><get name="card5"/></set><srai>PKCHECKTHREECARDS</srai>#Newline		<condition name="full3">#Newline			<li value="Y"><set name="checkcards"><get name="card2"/><get name="card3"/></set><srai>PKCHECKTWOCARDS</srai>#Newline				<condition name="full2">#Newline					<li value="Y"><set name="bestresult">FH</set></li>#Newline				</condition>#Newline			</li>#Newline		</condition>#Newline	<set name="full3"><set name="full2">N</set></set>#Newline	<set name="checkcards"><get name="card2"/><get name="card3"/><get name="card4"/></set><srai>PKCHECKTHREECARDS</srai>#Newline		<condition name="full3">#Newline			<li value="Y"><set name="checkcards"><get name="card1"/><get name="card5"/></set><srai>PKCHECKTWOCARDS</srai>#Newline				<condition name="full2">#Newline					<li value="Y"><set name="bestresult">FH</set></li>#Newline				</condition>#Newline			</li>#Newline		</condition>#Newline	<set name="full3"><set name="full2">N</set></set>#Newline	<set name="checkcards"><get name="card2"/><get name="card3"/><get name="card5"/></set><srai>PKCHECKTHREECARDS</srai>#Newline		<condition name="full3">#Newline			<li value="Y"><set name="checkcards"><get name="card1"/><get name="card4"/></set><srai>PKCHECKTWOCARDS</srai>#Newline				<condition name="full2">#Newline					<li value="Y"><set name="bestresult">FH</set></li>#Newline				</condition>#Newline			</li>#Newline		</condition>#Newline	<set name="full3"><set name="full2">N</set></set>#Newline	<set name="checkcards"><get name="card2"/><get name="card4"/><get name="card5"/></set><srai>PKCHECKTHREECARDS</srai>#Newline		<condition name="full3">#Newline			<li value="Y"><set name="checkcards"><get name="card1"/><get name="card3"/></set><srai>PKCHECKTWOCARDS</srai>#Newline				<condition name="full2">#Newline					<li value="Y"><set name="bestresult">FH</set></li>#Newline				</condition>#Newline			</li>#Newline		</condition>#Newline	<set name="full3"><set name="full2">N</set></set>#Newline	<set name="checkcards"><get name="card3"/><get name="card4"/><get name="card5"/></set><srai>PKCHECKTHREECARDS</srai>#Newline		<condition name="full3">#Newline			<li value="Y"><set name="checkcards"><get name="card1"/><get name="card2"/></set><srai>PKCHECKTWOCARDS</srai>#Newline				<condition name="full2">#Newline					<li value="Y"><set name="bestresult">FH</set></li>#Newline				</condition>#Newline			</li>#Newline		</condition>#Newline	<set name="checkcards"><get name="card1"/><get name="card2"/><get name="card3"/><get name="card4"/></set><srai>PKCHECKFOURCARDS</srai>#Newline	<set name="checkcards"><get name="card1"/><get name="card2"/><get name="card3"/><get name="card5"/></set><srai>PKCHECKFOURCARDS</srai>#Newline	<set name="checkcards"><get name="card1"/><get name="card2"/><get name="card4"/><get name="card5"/></set><srai>PKCHECKFOURCARDS</srai>#Newline	<set name="checkcards"><get name="card1"/><get name="card3"/><get name="card4"/><get name="card5"/></set><srai>PKCHECKFOURCARDS</srai>#Newline	<set name="checkcards"><get name="card2"/><get name="card3"/><get name="card4"/><get name="card5"/></set><srai>PKCHECKFOURCARDS</srai>#Newline	<condition name="sortedcardssuit">#Newline		<li value="2 3 4 5 A Y"><set name="bestresult">SF</set></li>#Newline		<li value="2 3 4 5 6 Y"><set name="bestresult">SF</set></li>#Newline		<li value="3 4 5 6 7 Y"><set name="bestresult">SF</set></li>#Newline		<li value="4 5 6 7 8 Y"><set name="bestresult">SF</set></li>#Newline		<li value="5 6 7 8 9 Y"><set name="bestresult">SF</set></li>#Newline		<li value="6 7 8 9 10 Y"><set name="bestresult">SF</set></li>#Newline		<li value="7 8 9 10 J Y"><set name="bestresult">SF</set></li>#Newline		<li value="8 9 10 J Q Y"><set name="bestresult">SF</set></li>#Newline		<li value="9 10 J Q K Y"><set name="bestresult">SF</set></li>#Newline	</condition>#Newline	<condition name="sortedcardssuit">#Newline		<li value="10 J Q K A Y"><set name="bestresult">RF</set></li>#Newline	</condition>#Newline</think>#Newline<srai>PKENDLOOP</srai>,poker.aiml
0,PKCHECKTWOCARDS,*,*,<think>#Newline	<condition name="checkcards">#Newline		<li value="2 2"><set name="bestresult">NO</set><set name="full2">Y</set><srai>PKADDKOUNT</srai></li>#Newline		<li value="3 3"><set name="bestresult">NO</set><set name="full2">Y</set><srai>PKADDKOUNT</srai></li>#Newline		<li value="4 4"><set name="bestresult">NO</set><set name="full2">Y</set><srai>PKADDKOUNT</srai></li>#Newline		<li value="5 5"><set name="bestresult">NO</set><set name="full2">Y</set><srai>PKADDKOUNT</srai></li>#Newline		<li value="6 6"><set name="bestresult">NO</set><set name="full2">Y</set><srai>PKADDKOUNT</srai></li>#Newline		<li value="7 7"><set name="bestresult">NO</set><set name="full2">Y</set><srai>PKADDKOUNT</srai></li>#Newline		<li value="8 8"><set name="bestresult">NO</set><set name="full2">Y</set><srai>PKADDKOUNT</srai></li>#Newline		<li value="9 9"><set name="bestresult">NO</set><set name="full2">Y</set><srai>PKADDKOUNT</srai></li>#Newline		<li value="10 10"><set name="bestresult">NO</set><set name="full2">Y</set><srai>PKADDKOUNT</srai></li>#Newline		<li value="J J"><set name="bestresult">JB</set><set name="full2">Y</set><srai>PKADDKOUNT</srai></li>#Newline		<li value="Q Q"><set name="bestresult">JB</set><set name="full2">Y</set><srai>PKADDKOUNT</srai></li>#Newline		<li value="K K"><set name="bestresult">JB</set><set name="full2">Y</set><srai>PKADDKOUNT</srai></li>#Newline		<li value="A A"><set name="bestresult">JB</set><set name="full2">Y</set><srai>PKADDKOUNT</srai></li>#Newline	</condition>#Newline</think>,poker.aiml
0,PKCHECKTHREECARDS,*,*,<think>#Newline	<condition name="checkcards">#Newline		<li value="2 2 2"><set name="bestresult">3K</set><set name="full3">Y</set></li>#Newline		<li value="3 3 3"><set name="bestresult">3K</set><set name="full3">Y</set></li>#Newline		<li value="4 4 4"><set name="bestresult">3K</set><set name="full3">Y</set></li>#Newline		<li value="5 5 5"><set name="bestresult">3K</set><set name="full3">Y</set></li>#Newline		<li value="6 6 6"><set name="bestresult">3K</set><set name="full3">Y</set></li>#Newline		<li value="7 7 7"><set name="bestresult">3K</set><set name="full3">Y</set></li>#Newline		<li value="8 8 8"><set name="bestresult">3K</set><set name="full3">Y</set></li>#Newline		<li value="9 9 9"><set name="bestresult">3K</set><set name="full3">Y</set></li>#Newline		<li value="10 10 10"><set name="bestresult">3K</set><set name="full3">Y</set></li>#Newline		<li value="J J J"><set name="bestresult">3K</set><set name="full3">Y</set></li>#Newline		<li value="Q Q Q"><set name="bestresult">3K</set><set name="full3">Y</set></li>#Newline		<li value="K K K"><set name="bestresult">3K</set><set name="full3">Y</set></li>#Newline		<li value="A A A"><set name="bestresult">3K</set><set name="full3">Y</set></li>#Newline	</condition>#Newline</think>,poker.aiml
0,PKCHECKFOURCARDS,*,*,<think>#Newline	<condition name="checkcards">#Newline		<li value="2 2 2 2"><set name="bestresult">4K</set></li>#Newline		<li value="3 3 3 3"><set name="bestresult">4K</set></li>#Newline		<li value="4 4 4 4"><set name="bestresult">4K</set></li>#Newline		<li value="5 5 5 5"><set name="bestresult">4K</set></li>#Newline		<li value="6 6 6 6"><set name="bestresult">4K</set></li>#Newline		<li value="7 7 7 7"><set name="bestresult">4K</set></li>#Newline		<li value="8 8 8 8"><set name="bestresult">4K</set></li>#Newline		<li value="9 9 9 9"><set name="bestresult">4K</set></li>#Newline		<li value="10 10 10 10"><set name="bestresult">4K</set></li>#Newline		<li value="J J J J"><set name="bestresult">4K</set></li>#Newline		<li value="Q Q Q Q"><set name="bestresult">4K</set></li>#Newline		<li value="K K K K"><set name="bestresult">4K</set></li>#Newline		<li value="A A A A"><set name="bestresult">4K</set></li>#Newline	</condition>#Newline</think>,poker.aiml
0,PKADDKOUNT,*,*,<think>#Newline	<condition name="kount">#Newline		<li value="0"><set name="kount">1</set></li>#Newline		<li value="1"><set name="kount">2</set></li>#Newline		<li value="2"><set name="kount">3</set></li>#Newline		<li value="3"><set name="kount">4</set></li>#Newline		<li value="4"><set name="kount">5</set></li>#Newline		<li value="5"><set name="kount">6</set></li>#Newline		<li value="6"><set name="kount">7</set></li>#Newline		<li value="7"><set name="kount">8</set></li>#Newline		<li value="8"><set name="kount">9</set></li>#Newline		<li value="9"><set name="kount">10</set></li>#Newline	</condition>#Newline</think>,poker.aiml
0,PKENDLOOP,*,*,<condition name="bestresult">#Newline		<li value="NO"><set name="prizemessage">No win</set></li>#Newline		<li value="JB"><set name="prizemessage">JACKS OR BETTER - You win $5</set><srai>PKBANK5</srai></li>#Newline		<li value="2P"><set name="prizemessage">TWO PAIR - You win $10</set><srai>PKBANK10</srai></li>#Newline		<li value="3K"><set name="prizemessage">THREE OF A KIND - You win $15</set><srai>PKBANK10</srai><srai>PKBANK5</srai></li>#Newline		<li value="ST"><set name="prizemessage">STRAIGHT! - You win $20</set><srai>PKBANK10</srai><srai>PKBANK10</srai></li>#Newline		<li value="FL"><set name="prizemessage">FLUSH! - You win $30</set><srai>PKBANK10</srai><srai>PKBANK10</srai><srai>PKBANK10</srai></li>#Newline		<li value="FH"><set name="prizemessage">FULL HOUSE! - You win $45</set><srai>PKBANK10</srai><srai>PKBANK10</srai><srai>PKBANK10</srai><srai>PKBANK10</srai><srai>PKBANK5</srai></li>#Newline		<li value="4K"><set name="prizemessage">FOUR OF A KIND!! - You win $125</set><srai>PKBANK100</srai><srai>PKBANK10</srai><srai>PKBANK10</srai><srai>PKBANK5</srai></li>#Newline		<li value="SF"><set name="prizemessage">STRAIGHT FLUSH!! - You win $250</set><srai>PKBANK100</srai><srai>PKBANK100</srai><srai>PKBANK10</srai><srai>PKBANK10</srai><srai>PKBANK10</srai><srai>PKBANK10</srai><srai>PKBANK10</srai></li>#Newline		<li value="RF"><set name="prizemessage">ROYAL FLUSH!!! - You win $4000</set><srai>PKBANK1000</srai><srai>PKBANK1000</srai><srai>PKBANK1000</srai><srai>PKBANK1000</srai></li>#Newline	</condition>#Newline<br/><br/>#Newline<think>#Newline	<set name="dispbank"><get name="bankth"/><get name="bankhu"/><get name="bankte"/><get name="bankon"/></set>#Newline</think>#NewlineBank = $<get name="dispbank"/>.<br/>#Newline	<condition name="dispbank">#Newline		<li value="9 9 9 9">GAME OVER! CONGRATULATIONS!! YOU BROKE THE BANK.</li>#Newline		<li value="0 0 0 0">GAME OVER! YOU ARE BANKRUPT!</li>#Newline		<li>Play again (Y/N)?</li>#Newline	</condition>,poker.aiml
0,PKBANKSUB5,*,*,<think>#Newline	<condition name="bankon">#Newline		<li value="5"><set name="bankon">0</set></li>#Newline		<li value="0"><set name="bankon">5</set><srai>PKBANKSUB10</srai></li>#Newline	</condition>#Newline</think>,poker.aiml
0,PKBANKSUB10,*,*,<think>#Newline	<condition name="bankte">#Newline		<li value="9"><set name="bankte">8</set></li>#Newline		<li value="8"><set name="bankte">7</set></li>#Newline		<li value="7"><set name="bankte">6</set></li>#Newline		<li value="6"><set name="bankte">5</set></li>#Newline		<li value="5"><set name="bankte">4</set></li>#Newline		<li value="4"><set name="bankte">3</set></li>#Newline		<li value="3"><set name="bankte">2</set></li>#Newline		<li value="2"><set name="bankte">1</set></li>#Newline		<li value="1"><set name="bankte">0</set></li>#Newline		<li value="0"><set name="bankte">9</set><srai>PKBANKSUB100</srai></li>#Newline	</condition>#Newline</think>,poker.aiml
0,PKBANKSUB100,*,*,<think>#Newline	<condition name="bankhu">#Newline		<li value="9"><set name="bankhu">8</set></li>#Newline		<li value="8"><set name="bankhu">7</set></li>#Newline		<li value="7"><set name="bankhu">6</set></li>#Newline		<li value="6"><set name="bankhu">5</set></li>#Newline		<li value="5"><set name="bankhu">4</set></li>#Newline		<li value="4"><set name="bankhu">3</set></li>#Newline		<li value="3"><set name="bankhu">2</set></li>#Newline		<li value="2"><set name="bankhu">1</set></li>#Newline		<li value="1"><set name="bankhu">0</set></li>#Newline		<li value="0"><set name="bankhu">9</set><srai>PKBANKSUB1000</srai></li>#Newline	</condition>#Newline</think>,poker.aiml
0,PKBANKSUB1000,*,*,<think>#Newline	<condition name="bankth">#Newline		<li value="9"><set name="bankth">8</set></li>#Newline		<li value="8"><set name="bankth">7</set></li>#Newline		<li value="7"><set name="bankth">6</set></li>#Newline		<li value="6"><set name="bankth">5</set></li>#Newline		<li value="5"><set name="bankth">4</set></li>#Newline		<li value="4"><set name="bankth">3</set></li>#Newline		<li value="3"><set name="bankth">2</set></li>#Newline		<li value="2"><set name="bankth">1</set></li>#Newline		<li value="1"><set name="bankth">0</set></li>#Newline		<li value="0"><set name="bankth">0</set><set name="bankhu">0</set><set name="bankte">0</set><set name="bankon">0</set></li>#Newline	</condition>#Newline</think>,poker.aiml
0,PKBANK5,*,*,<think>#Newline	<condition name="bankon">#Newline		<li value="0"><set name="bankon">5</set></li>#Newline		<li value="5"><set name="bankon">0</set><srai>PKBANK10</srai></li>#Newline	</condition>#Newline</think>,poker.aiml
0,PKBANK10,*,*,<think>#Newline	<condition name="bankte">#Newline		<li value="0"><set name="bankte">1</set></li>#Newline		<li value="1"><set name="bankte">2</set></li>#Newline		<li value="2"><set name="bankte">3</set></li>#Newline		<li value="3"><set name="bankte">4</set></li>#Newline		<li value="4"><set name="bankte">5</set></li>#Newline		<li value="5"><set name="bankte">6</set></li>#Newline		<li value="6"><set name="bankte">7</set></li>#Newline		<li value="7"><set name="bankte">8</set></li>#Newline		<li value="8"><set name="bankte">9</set></li>#Newline		<li value="9"><set name="bankte">0</set><srai>PKBANK100</srai></li>#Newline	</condition>#Newline</think>,poker.aiml
0,PKBANK100,*,*,<think>#Newline	<condition name="bankhu">#Newline		<li value="0"><set name="bankhu">1</set></li>#Newline		<li value="1"><set name="bankhu">2</set></li>#Newline		<li value="2"><set name="bankhu">3</set></li>#Newline		<li value="3"><set name="bankhu">4</set></li>#Newline		<li value="4"><set name="bankhu">5</set></li>#Newline		<li value="5"><set name="bankhu">6</set></li>#Newline		<li value="6"><set name="bankhu">7</set></li>#Newline		<li value="7"><set name="bankhu">8</set></li>#Newline		<li value="8"><set name="bankhu">9</set></li>#Newline		<li value="9"><set name="bankhu">0</set><srai>PKBANK1000</srai></li>#Newline	</condition>#Newline</think>,poker.aiml
0,PKBANK1000,*,*,<think>#Newline	<condition name="bankth">#Newline		<li value="0"><set name="bankth">1</set></li>#Newline		<li value="1"><set name="bankth">2</set></li>#Newline		<li value="2"><set name="bankth">3</set></li>#Newline		<li value="3"><set name="bankth">4</set></li>#Newline		<li value="4"><set name="bankth">5</set></li>#Newline		<li value="5"><set name="bankth">6</set></li>#Newline		<li value="6"><set name="bankth">7</set></li>#Newline		<li value="7"><set name="bankth">8</set></li>#Newline		<li value="8"><set name="bankth">9</set></li>#Newline		<li value="9"><set name="bankth">9</set><set name="bankhu">9</set><set name="bankte">9</set><set name="bankon">9</set></li>#Newline	</condition>#Newline</think>,poker.aiml
0,Y,PLAY AGAIN Y N,*,<srai>YES</srai>,poker.aiml
0,YES,PLAY AGAIN Y N,*,<srai>PKMAINLOOP</srai>,poker.aiml
0,N,PLAY AGAIN Y N,*,<srai>NO</srai>,poker.aiml
0,NO,PLAY AGAIN Y N,*,Thanks for playing.<br/><br/>Your final bank was $<get name="bankth"/><get name="bankhu"/><get name="bankte"/><get name="bankon"/>.,poker.aiml
0,PKQUITGAME,*,*,Thanks for playing.<br/><br/>Your final bank was $<get name="bankth"/><get name="bankhu"/><get name="bankte"/><get name="bankon"/>.,poker.aiml
